Customer ID,first_order_date,last_order_date,frequency,monetary,is_active,is_repeat,is_new,is_churned,recency,R_Score,F_Score,M_Score,RFM_Segment,segment
AA-10315,2018-03-31,2021-06-29,5,5563.56,0,1,0,0,184,2,2,5,22,hibernating
AA-10375,2018-04-21,2021-12-11,9,1056.39,1,1,0,0,19,5,5,2,55,champions
AA-10480,2018-05-04,2021-04-15,4,1790.5120000000002,0,1,0,0,259,1,1,3,11,hibernating
AA-10645,2018-06-22,2021-11-05,6,5086.9349999999995,1,1,0,0,55,3,3,5,33,need attention
AB-10015,2018-02-18,2020-11-10,3,886.156,0,1,0,1,415,1,1,1,11,hibernating
AB-10060,2019-09-18,2021-11-06,8,7755.62,1,1,0,0,54,3,4,5,34,loyal customers
AB-10105,2018-12-20,2021-11-19,10,14473.570999999998,1,1,0,0,41,4,5,5,45,loyal customers
AB-10150,2018-03-05,2021-11-19,5,966.71,1,1,0,0,41,4,2,2,42,potential_loyalists
AB-10165,2018-11-16,2021-12-05,8,1113.838,1,1,0,0,25,5,4,2,54,champions
AB-10255,2018-07-22,2021-07-17,9,914.5319999999999,0,1,0,0,166,2,5,1,25,can't_loose
AB-10600,2018-11-18,2021-11-10,4,1515.862,1,1,0,0,50,4,1,2,41,promising
AC-10420,2018-07-12,2021-05-12,3,925.8,0,1,0,0,232,1,1,1,11,hibernating
AC-10450,2018-10-31,2021-12-19,7,5527.846,1,1,0,0,11,5,3,5,53,potential_loyalists
AC-10615,2019-09-15,2021-12-24,5,2537.6859999999997,1,1,0,0,6,5,2,3,52,potential_loyalists
AC-10660,2018-10-15,2021-03-23,5,657.316,0,1,0,0,282,1,2,1,12,hibernating
AD-10180,2018-11-19,2021-12-01,8,6106.88,1,1,0,0,29,4,4,5,44,loyal customers
AF-10870,2019-12-06,2021-11-19,7,2052.908,1,1,0,0,41,4,3,3,43,potential_loyalists
AF-10885,2018-05-10,2020-11-10,4,861.565,0,1,0,1,415,1,1,1,11,hibernating
AG-10270,2018-05-13,2021-03-27,5,2582.898,0,1,0,0,278,1,2,3,12,hibernating
AG-10300,2018-04-26,2021-09-03,4,367.548,0,1,0,0,118,2,1,1,21,hibernating
AG-10330,2020-08-03,2021-12-22,5,660.972,1,1,0,0,8,5,2,1,52,potential_loyalists
AG-10390,2018-04-19,2021-09-07,5,200.945,0,1,0,0,114,2,2,1,22,hibernating
AG-10495,2019-01-04,2021-10-13,8,2356.855,1,1,0,0,78,3,4,3,34,loyal customers
AG-10525,2018-08-09,2019-09-07,4,1455.038,0,1,0,0,845,1,1,2,11,hibernating
AG-10675,2019-05-07,2021-09-24,7,3489.0396000000005,0,1,0,0,97,3,3,4,33,need attention
AG-10765,2018-09-17,2021-10-14,4,170.584,1,1,0,0,77,3,1,1,31,about_to_sleep
AG-10900,2018-07-23,2021-09-25,10,4510.797,0,1,0,0,96,3,5,5,35,loyal customers
AH-10030,2018-04-22,2021-12-18,7,1744.7,1,1,0,0,12,5,3,3,53,potential_loyalists
AH-10075,2018-11-16,2021-11-26,10,3250.337,1,1,0,0,34,4,5,4,45,loyal customers
AH-10120,2018-07-18,2021-10-31,7,1735.5140000000001,1,1,0,0,60,3,3,2,33,need attention
AH-10195,2019-03-05,2021-11-05,4,1587.452,1,1,0,0,55,3,1,2,31,about_to_sleep
AH-10210,2018-11-29,2021-12-24,9,4805.344,1,1,0,0,6,5,5,5,55,champions
AH-10465,2019-01-03,2021-05-14,5,2495.3916,0,1,0,0,230,1,2,3,12,hibernating
AH-10585,2018-10-26,2021-12-09,4,738.504,1,1,0,0,21,5,1,1,51,new_customers
AH-10690,2018-04-02,2020-11-15,12,7888.294,0,1,0,1,410,1,5,5,15,can't_loose
AI-10855,2018-04-28,2021-12-17,10,4375.786,1,1,0,0,13,5,5,5,55,champions
AJ-10780,2018-01-10,2021-10-16,7,4867.344,1,1,0,0,75,3,3,5,33,need attention
AJ-10795,2018-05-14,2021-07-17,7,4501.391,0,1,0,0,166,2,3,5,23,at Risk
AJ-10945,2018-03-03,2021-10-06,7,1839.24,1,1,0,0,85,3,3,3,33,need attention
AJ-10960,2018-09-14,2021-10-17,3,629.2479999999999,1,1,0,0,74,3,1,1,31,about_to_sleep
AM-10360,2018-10-06,2021-12-02,5,814.012,1,1,0,0,28,4,2,1,42,potential_loyalists
AM-10705,2018-10-31,2021-07-21,8,5664.022,0,1,0,0,162,2,4,5,24,at Risk
AO-10810,2020-08-16,2020-08-16,1,161.28,0,0,0,1,501,1,1,1,11,hibernating
AP-10720,2018-03-03,2021-11-19,8,1638.554,1,1,0,0,41,4,4,2,44,loyal customers
AP-10915,2018-08-23,2021-09-23,10,3323.556,0,1,0,0,98,3,5,4,35,loyal customers
AR-10345,2018-12-30,2021-09-10,4,1055.694,0,1,0,0,111,2,1,2,21,hibernating
AR-10405,2018-10-03,2021-08-27,5,2236.128,0,1,0,0,125,2,2,3,22,hibernating
AR-10510,2018-05-02,2021-12-16,5,264.86400000000003,1,1,0,0,14,5,2,1,52,potential_loyalists
AR-10540,2018-11-25,2021-12-24,6,6608.448,1,1,0,0,6,5,3,5,53,potential_loyalists
AR-10570,2020-07-14,2020-07-14,1,88.15,0,0,0,1,534,1,1,1,11,hibernating
AR-10825,2018-06-30,2021-11-02,8,4523.336,1,1,0,0,58,3,4,5,34,loyal customers
AS-10045,2018-07-27,2021-10-03,7,3050.692,1,1,0,0,88,3,3,4,33,need attention
AS-10090,2018-09-22,2021-12-02,9,3255.31,1,1,0,0,28,4,5,4,45,loyal customers
AS-10135,2020-11-13,2021-11-19,2,58.82,1,1,0,0,41,4,1,1,41,promising
AS-10225,2018-10-18,2021-12-08,5,4260.784,1,1,0,0,22,5,2,4,52,potential_loyalists
AS-10240,2018-03-15,2021-06-21,7,584.6080000000001,0,1,0,0,192,2,3,1,23,at Risk
AS-10285,2020-05-21,2021-12-11,6,3214.236,1,1,0,0,19,5,3,4,53,potential_loyalists
AS-10630,2018-08-01,2021-09-29,7,833.398,0,1,0,0,92,3,3,1,33,need attention
AT-10435,2018-11-24,2021-12-09,6,1171.814,1,1,0,0,21,5,3,2,53,potential_loyalists
AT-10735,2018-08-30,2021-12-17,10,3831.864,1,1,0,0,13,5,5,4,55,champions
AW-10840,2019-04-13,2021-12-10,4,649.376,1,1,0,0,20,5,1,1,51,new_customers
AW-10930,2018-07-14,2021-11-14,7,2852.968,1,1,0,0,46,4,3,4,43,potential_loyalists
AY-10555,2018-04-06,2021-12-16,4,497.014,1,1,0,0,14,5,1,1,51,new_customers
AZ-10750,2018-03-17,2021-07-23,6,1622.0179999999998,0,1,0,0,160,2,3,2,23,at Risk
BB-10990,2018-07-27,2021-09-16,5,744.3399999999999,0,1,0,0,105,2,2,1,22,hibernating
BB-11545,2019-06-05,2021-12-02,9,6765.728,1,1,0,0,28,4,5,5,45,loyal customers
BC-11125,2018-07-06,2021-06-11,9,2933.676,0,1,0,0,202,2,5,4,25,can't_loose
BD-11320,2019-05-31,2021-11-27,12,5718.521,1,1,0,0,33,4,5,5,45,loyal customers
BD-11500,2018-02-01,2021-11-25,6,4411.2429999999995,1,1,0,0,35,4,3,5,43,potential_loyalists
BD-11560,2019-05-30,2021-03-27,2,320.54,0,1,0,0,278,1,1,1,11,hibernating
BD-11605,2018-01-13,2021-09-24,7,3288.471,0,1,0,0,97,3,3,4,33,need attention
BD-11620,2018-06-30,2021-10-22,6,1538.11,1,1,0,0,69,3,3,2,33,need attention
BD-11635,2018-10-05,2021-12-21,3,582.646,1,1,0,0,9,5,1,1,51,new_customers
BD-11725,2019-07-03,2021-09-28,6,1526.5,0,1,0,0,93,3,3,2,33,need attention
BD-11770,2020-03-10,2021-02-06,6,658.466,0,1,0,0,327,1,3,1,13,at Risk
BE-11335,2020-01-15,2021-09-02,5,4204.676,0,1,0,0,119,2,2,4,22,hibernating
BE-11410,2020-02-07,2021-09-23,5,2261.438,0,1,0,0,98,3,2,3,32,about_to_sleep
BE-11455,2019-08-02,2021-04-20,6,1727.652,0,1,0,0,254,1,3,2,13,at Risk
BF-10975,2018-07-14,2021-09-30,7,599.798,0,1,0,0,91,3,3,1,33,need attention
BF-11005,2018-09-25,2021-11-21,4,1333.88,1,1,0,0,39,4,1,2,41,promising
BF-11020,2018-02-15,2021-10-17,8,2888.506,1,1,0,0,74,3,4,4,34,loyal customers
BF-11080,2018-11-28,2021-12-05,3,272.95,1,1,0,0,25,5,1,1,51,new_customers
BF-11170,2018-04-13,2021-12-14,11,5907.972,1,1,0,0,16,5,5,5,55,champions
BF-11215,2018-11-09,2021-10-26,4,1585.162,1,1,0,0,65,3,1,2,31,about_to_sleep
BF-11275,2018-03-22,2021-11-03,3,791.9899999999999,1,1,0,0,57,3,1,1,31,about_to_sleep
BG-11035,2018-11-05,2021-12-02,8,2798.948,1,1,0,0,28,4,4,4,44,loyal customers
BG-11695,2018-05-11,2021-11-24,6,1874.172,1,1,0,0,36,4,3,3,43,potential_loyalists
BG-11740,2018-03-23,2021-11-03,6,1006.356,1,1,0,0,57,3,3,2,33,need attention
BH-11710,2018-06-09,2021-12-07,8,6255.351,1,1,0,0,23,5,4,5,54,champions
BK-11260,2018-08-03,2021-10-14,6,659.1379999999999,1,1,0,0,77,3,3,1,33,need attention
BM-11140,2018-09-08,2021-02-26,4,11789.63,0,1,0,0,307,1,1,5,11,hibernating
BM-11575,2019-09-15,2021-09-21,6,808.162,0,1,0,0,100,3,3,1,33,need attention
BM-11650,2018-07-09,2021-11-27,11,7294.185,1,1,0,0,33,4,5,5,45,loyal customers
BM-11785,2018-06-06,2021-05-26,10,1338.842,0,1,0,0,218,2,5,2,25,can't_loose
BN-11470,2018-09-12,2021-12-06,4,265.296,1,1,0,0,24,5,1,1,51,new_customers
BN-11515,2018-03-17,2021-12-21,5,1459.344,1,1,0,0,9,5,2,2,52,potential_loyalists
BO-11350,2020-01-03,2021-08-15,5,2682.728,0,1,0,0,137,2,2,3,22,hibernating
BO-11425,2019-09-10,2021-10-16,2,130.83,1,1,0,0,75,3,1,1,31,about_to_sleep
BP-11050,2018-10-12,2021-10-08,5,983.42,1,1,0,0,83,3,2,2,32,about_to_sleep
BP-11095,2018-06-07,2021-12-13,12,2442.044,1,1,0,0,17,5,5,3,55,champions
BP-11155,2019-06-04,2021-10-02,6,1697.8609999999999,1,1,0,0,89,3,3,2,33,need attention
BP-11185,2019-03-24,2021-12-29,9,3675.861,1,1,0,0,1,5,5,4,55,champions
BP-11230,2018-04-20,2021-11-21,5,1181.49,1,1,0,0,39,4,2,2,42,potential_loyalists
BP-11290,2018-10-03,2021-12-18,7,2475.157,1,1,0,0,12,5,3,3,53,potential_loyalists
BS-11365,2018-05-04,2020-06-20,5,10501.653,0,1,0,1,558,1,2,5,12,hibernating
BS-11380,2018-11-29,2021-12-02,5,3887.834,1,1,0,0,28,4,2,4,42,potential_loyalists
BS-11590,2018-01-14,2021-11-25,6,2454.928,1,1,0,0,35,4,3,3,43,potential_loyalists
BS-11665,2018-06-23,2020-05-27,3,3288.1099999999997,0,1,0,1,582,1,1,4,11,hibernating
BS-11755,2018-05-18,2021-12-29,7,2562.382,1,1,0,0,1,5,3,3,53,potential_loyalists
BS-11800,2019-09-26,2021-04-09,2,949.4300000000001,0,1,0,0,265,1,1,1,11,hibernating
BT-11305,2018-04-25,2021-01-28,5,2567.656,0,1,0,0,336,1,2,3,12,hibernating
BT-11395,2018-10-28,2021-03-03,6,2186.6130000000003,0,1,0,0,302,1,3,3,13,at Risk
BT-11440,2018-06-04,2020-06-18,4,603.876,0,1,0,1,560,1,1,1,11,hibernating
BT-11485,2019-12-27,2020-03-11,2,415.19599999999997,0,1,0,1,659,1,1,1,11,hibernating
BT-11530,2018-05-21,2021-09-30,5,2684.4919999999997,0,1,0,0,91,3,2,3,32,about_to_sleep
BT-11680,2018-11-28,2021-12-10,7,3196.752,1,1,0,0,20,5,3,4,53,potential_loyalists
BV-11245,2019-03-26,2021-01-30,5,1523.2730000000001,0,1,0,0,334,1,2,2,12,hibernating
BW-11065,2018-05-25,2021-06-01,3,385.516,0,1,0,0,212,2,1,1,21,hibernating
BW-11110,2019-03-20,2021-08-31,8,4750.358,0,1,0,0,121,2,4,5,24,at Risk
BW-11200,2018-08-12,2021-06-10,6,1738.406,0,1,0,0,203,2,3,2,23,at Risk
CA-11965,2018-01-26,2021-09-25,6,3789.7228,0,1,0,0,96,3,3,4,33,need attention
CA-12055,2019-09-05,2020-11-24,5,1679.7240000000002,0,1,0,1,401,1,2,2,12,hibernating
CA-12265,2018-03-25,2021-11-04,9,2648.2872,1,1,0,0,56,3,5,3,35,loyal customers
CA-12310,2018-07-19,2021-12-17,4,1421.954,1,1,0,0,13,5,1,2,51,new_customers
CA-12775,2018-06-28,2021-09-01,7,3041.566,0,1,0,0,120,2,3,4,23,at Risk
CB-12025,2018-03-21,2021-11-13,10,6076.139,1,1,0,0,47,4,5,5,45,loyal customers
CB-12415,2019-11-05,2021-12-04,8,1949.2,1,1,0,0,26,5,4,3,54,champions
CB-12535,2019-01-02,2021-06-16,8,4246.4555,0,1,0,0,197,2,4,4,24,at Risk
CC-12100,2018-12-16,2020-09-29,6,1770.945,0,1,0,1,457,1,3,3,13,at Risk
CC-12145,2018-07-20,2021-09-15,7,2471.65,0,1,0,0,106,2,3,3,23,at Risk
CC-12220,2018-09-09,2021-12-10,12,3913.418,1,1,0,0,20,5,5,4,55,champions
CC-12370,2020-05-23,2021-11-17,5,12129.072000000002,1,1,0,0,43,4,2,5,42,potential_loyalists
CC-12430,2019-09-06,2021-12-30,10,2870.05,1,1,0,0,0,5,5,4,55,champions
CC-12475,2018-05-16,2021-11-21,9,1659.438,1,1,0,0,39,4,5,2,45,loyal customers
CC-12550,2021-06-15,2021-12-03,3,113.832,1,1,1,0,27,4,1,1,41,promising
CC-12610,2018-08-27,2021-11-26,7,2540.631,1,1,0,0,34,4,3,3,43,potential_loyalists
CC-12670,2018-12-23,2021-12-01,7,2269.7015,1,1,0,0,29,4,3,3,43,potential_loyalists
CC-12685,2018-03-22,2019-10-23,4,2854.1150000000002,0,1,0,0,799,1,1,4,11,hibernating
CD-11920,2018-03-24,2021-11-20,5,2033.968,1,1,0,0,40,4,2,3,42,potential_loyalists
CD-11980,2020-11-24,2021-11-06,3,639.766,1,1,0,0,54,3,1,1,31,about_to_sleep
CD-12280,2021-11-05,2021-11-18,2,1205.584,1,1,1,0,42,4,1,2,41,promising
CD-12790,2018-02-02,2020-11-26,5,1860.732,0,1,0,1,399,1,2,3,12,hibernating
CG-12040,2019-06-01,2021-11-11,6,904.4680000000001,1,1,0,0,49,4,3,1,43,potential_loyalists
CG-12520,2019-10-15,2021-01-26,3,886.82,0,1,0,0,338,1,1,1,11,hibernating
CH-12070,2019-06-25,2020-02-08,3,1537.236,0,1,0,1,691,1,1,2,11,hibernating
CJ-11875,2020-12-30,2020-12-30,1,16.52,0,0,0,1,365,1,1,1,11,hibernating
CJ-12010,2020-03-10,2021-06-24,8,11164.974,0,1,0,0,189,2,4,5,24,at Risk
CK-12205,2018-03-11,2021-11-21,13,3154.855,1,1,0,0,39,4,5,4,45,loyal customers
CK-12325,2018-03-14,2021-09-01,5,2945.321,0,1,0,0,120,2,2,4,22,hibernating
CK-12595,2018-12-26,2021-11-17,11,2372.75,1,1,0,0,43,4,5,3,45,loyal customers
CK-12760,2018-02-07,2021-10-09,9,1582.109,1,1,0,0,82,3,5,2,35,loyal customers
CL-11890,2018-07-26,2021-09-15,4,1262.0140000000001,0,1,0,0,106,2,1,2,21,hibernating
CL-12565,2018-03-04,2021-03-21,12,10880.546,0,1,0,0,284,1,5,5,15,can't_loose
CL-12700,2020-04-24,2021-09-16,5,2353.586,0,1,0,0,105,2,2,3,22,hibernating
CM-11815,2018-11-14,2021-08-21,6,1673.888,0,1,0,0,131,2,3,2,23,at Risk
CM-11935,2019-09-24,2020-01-22,2,565.392,0,1,0,1,708,1,1,1,11,hibernating
CM-12115,2019-03-29,2021-12-22,4,1661.6100000000001,1,1,0,0,8,5,1,2,51,new_customers
CM-12160,2020-10-21,2021-12-04,6,2533.314,1,1,0,0,26,5,3,3,53,potential_loyalists
CM-12190,2019-09-18,2021-12-22,6,1475.144,1,1,0,0,8,5,3,2,53,potential_loyalists
CM-12235,2020-05-01,2020-12-10,5,2305.712,0,1,0,1,385,1,2,3,12,hibernating
CM-12385,2019-03-16,2021-11-23,4,8954.019999999999,1,1,0,0,37,4,1,5,41,promising
CM-12445,2018-06-09,2020-10-20,3,287.99,0,1,0,1,436,1,1,1,11,hibernating
CM-12655,2019-03-19,2021-12-03,6,6339.5576,1,1,0,0,27,4,3,5,43,potential_loyalists
CM-12715,2018-03-07,2019-03-01,4,3984.4524,0,1,0,0,1035,1,1,4,11,hibernating
CP-12085,2018-12-04,2021-10-09,8,5402.254,1,1,0,0,82,3,4,5,34,loyal customers
CP-12340,2018-03-17,2021-07-23,8,5888.275,0,1,0,0,160,2,4,5,24,at Risk
CR-12580,2020-04-18,2021-11-03,4,2148.852,1,1,0,0,57,3,1,3,31,about_to_sleep
CR-12625,2018-06-01,2020-09-16,3,475.9,0,1,0,1,470,1,1,1,11,hibernating
CR-12730,2018-08-20,2021-10-13,4,1600.55,1,1,0,0,78,3,1,2,31,about_to_sleep
CR-12820,2019-01-24,2021-10-06,3,1397.8724,1,1,0,0,85,3,1,2,31,about_to_sleep
CS-11845,2018-12-14,2021-09-30,5,1278.954,0,1,0,0,91,3,2,2,32,about_to_sleep
CS-11860,2018-05-02,2021-07-21,6,537.632,0,1,0,0,162,2,3,1,23,at Risk
CS-11950,2018-06-08,2021-12-05,11,3036.547,1,1,0,0,25,5,5,4,55,champions
CS-12130,2018-08-05,2020-08-28,4,884.64,0,1,0,1,489,1,1,1,11,hibernating
CS-12175,2018-08-12,2021-05-12,5,844.4580000000001,0,1,0,0,232,1,2,1,12,hibernating
CS-12250,2018-01-13,2021-12-04,12,2754.216,1,1,0,0,26,5,5,4,55,champions
CS-12355,2018-08-15,2021-12-24,11,3202.1620000000003,1,1,0,0,6,5,5,4,55,champions
CS-12400,2018-09-26,2021-12-28,9,3651.8585000000003,1,1,0,0,2,5,5,4,55,champions
CS-12460,2021-07-03,2021-12-03,2,550.644,1,1,1,0,27,4,1,1,41,promising
CS-12490,2019-01-12,2020-11-01,4,1077.2285,0,1,0,1,424,1,1,2,11,hibernating
CS-12505,2018-03-26,2021-11-02,6,5690.054999999999,1,1,0,0,58,3,3,5,33,need attention
CT-11995,2018-05-07,2021-09-25,8,3241.898,0,1,0,0,96,3,4,4,34,loyal customers
CV-12295,2018-03-28,2021-04-20,5,2830.6279999999997,0,1,0,0,254,1,2,4,12,hibernating
CV-12805,2020-05-09,2021-12-25,9,2370.3136,1,1,0,0,5,5,5,3,55,champions
CW-11905,2018-06-09,2021-12-08,6,1136.592,1,1,0,0,22,5,3,2,53,potential_loyalists
CY-12745,2018-12-12,2021-10-31,8,2900.026,1,1,0,0,60,3,4,4,34,loyal customers
Co-12640,2018-06-20,2020-06-29,5,1300.076,0,1,0,1,549,1,2,2,12,hibernating
DA-13450,2018-04-25,2021-01-12,4,156.76,0,1,0,0,352,1,1,1,11,hibernating
DB-12910,2018-10-24,2021-12-09,8,2171.599,1,1,0,0,21,5,4,3,54,champions
DB-12970,2018-11-12,2021-05-03,5,2839.2272,0,1,0,0,241,1,2,4,12,hibernating
DB-13060,2018-03-01,2021-12-14,7,4531.646,1,1,0,0,16,5,3,5,53,potential_loyalists
DB-13120,2019-05-01,2021-11-12,7,2973.094,1,1,0,0,48,4,3,4,43,potential_loyalists
DB-13210,2019-03-22,2021-12-21,10,2332.577,1,1,0,0,9,5,5,3,55,champions
DB-13270,2018-02-04,2021-11-07,8,4655.897,1,1,0,0,53,4,4,5,44,loyal customers
DB-13360,2018-11-19,2021-04-10,5,1081.466,0,1,0,0,264,1,2,2,12,hibernating
DB-13405,2019-08-08,2021-06-26,4,1711.692,0,1,0,0,187,2,1,2,21,hibernating
DB-13555,2018-04-21,2021-09-14,7,3908.8028,0,1,0,0,107,2,3,4,23,at Risk
DB-13615,2018-09-30,2021-11-27,7,1989.05,1,1,0,0,33,4,3,3,43,potential_loyalists
DB-13660,2018-06-17,2021-12-18,7,1155.202,1,1,0,0,12,5,3,2,53,potential_loyalists
DC-12850,2018-07-05,2021-11-23,9,3336.168,1,1,0,0,37,4,5,4,45,loyal customers
DC-13285,2018-12-29,2021-12-07,5,1174.618,1,1,0,0,23,5,2,2,52,potential_loyalists
DD-13570,2018-03-31,2021-11-19,6,269.542,1,1,0,0,41,4,3,1,43,potential_loyalists
DE-13255,2018-08-22,2020-01-11,5,2550.874,0,1,0,1,719,1,2,3,12,hibernating
DF-13135,2018-10-04,2020-01-30,3,2390.534,0,1,0,1,700,1,1,3,11,hibernating
DG-13300,2018-11-01,2021-11-28,5,3195.818,1,1,0,0,32,4,2,4,42,potential_loyalists
DH-13075,2018-11-21,2021-03-28,6,4932.872,0,1,0,0,277,1,3,5,13,at Risk
DH-13675,2018-08-12,2019-11-15,4,1043.096,0,1,0,0,776,1,1,2,11,hibernating
DJ-13420,2018-12-08,2020-04-02,4,2012.52,0,1,0,1,637,1,1,3,11,hibernating
DJ-13510,2018-08-17,2021-11-12,8,2501.6879999999996,1,1,0,0,48,4,4,3,44,loyal customers
DJ-13630,2019-12-14,2021-12-18,3,3356.398,1,1,0,0,12,5,1,4,51,new_customers
DK-12835,2018-03-26,2021-12-09,12,3256.48,1,1,0,0,21,5,5,4,55,champions
DK-12895,2019-03-08,2021-11-15,5,4282.176,1,1,0,0,45,4,2,4,42,potential_loyalists
DK-12985,2018-11-24,2021-12-23,5,1687.04,1,1,0,0,7,5,2,2,52,potential_loyalists
DK-13090,2019-03-02,2021-11-18,7,2650.557,1,1,0,0,42,4,3,3,43,potential_loyalists
DK-13150,2018-12-05,2021-12-20,2,797.832,1,1,0,0,10,5,1,1,51,new_customers
DK-13225,2018-03-14,2021-12-20,9,4802.394,1,1,0,0,10,5,5,5,55,champions
DK-13375,2018-09-07,2021-12-11,8,3318.486,1,1,0,0,19,5,4,4,54,champions
DL-12865,2018-06-29,2021-09-21,8,1503.112,0,1,0,0,100,3,4,2,34,loyal customers
DL-12925,2018-09-09,2021-11-03,6,3272.2,1,1,0,0,57,3,3,4,33,need attention
DL-13315,2018-01-16,2021-12-08,8,1458.258,1,1,0,0,22,5,4,2,54,champions
DL-13330,2018-06-23,2021-11-03,4,585.02,1,1,0,0,57,3,1,1,31,about_to_sleep
DL-13495,2019-12-25,2021-10-15,8,3539.322,1,1,0,0,76,3,4,4,34,loyal customers
DM-12955,2018-09-30,2021-09-07,7,1322.034,0,1,0,0,114,2,3,2,23,at Risk
DM-13015,2018-09-14,2021-11-03,7,6345.103,1,1,0,0,57,3,3,5,33,need attention
DM-13345,2018-11-03,2021-12-08,8,4074.4719999999998,1,1,0,0,22,5,4,4,54,champions
DM-13525,2018-07-05,2020-09-05,3,1376.792,0,1,0,1,481,1,1,2,11,hibernating
DN-13690,2018-09-20,2021-05-27,7,2139.79,0,1,0,0,217,2,3,3,23,at Risk
DO-13435,2018-10-03,2021-08-19,9,1300.0315,0,1,0,0,133,2,5,2,25,can't_loose
DO-13645,2019-11-07,2021-12-04,7,1267.316,1,1,0,0,26,5,3,2,53,potential_loyalists
DP-13000,2018-01-03,2021-08-26,9,1050.636,0,1,0,0,126,2,5,2,25,can't_loose
DP-13105,2019-08-22,2021-12-24,8,2215.002,1,1,0,0,6,5,4,3,54,champions
DP-13165,2018-12-02,2019-10-10,2,1058.616,0,1,0,0,812,1,1,2,11,hibernating
DP-13390,2018-07-05,2021-01-06,9,5480.723999999999,0,1,0,0,358,1,5,5,15,can't_loose
DR-12880,2019-09-25,2021-12-27,9,6528.034000000001,1,1,0,0,3,5,5,5,55,champions
DR-12940,2018-03-28,2021-11-10,8,8350.868,1,1,0,0,50,4,4,5,44,loyal customers
DS-13030,2018-07-09,2021-09-28,4,1762.213,0,1,0,0,93,3,1,3,31,about_to_sleep
DS-13180,2018-04-28,2021-12-07,9,2881.8128,1,1,0,0,23,5,5,4,55,champions
DV-13045,2020-06-12,2021-12-11,5,1119.483,1,1,0,0,19,5,2,2,52,potential_loyalists
DV-13465,2018-06-22,2021-12-01,6,3341.587,1,1,0,0,29,4,3,4,43,potential_loyalists
DW-13195,2018-01-18,2021-10-22,6,1080.751,1,1,0,0,69,3,3,2,33,need attention
DW-13480,2018-06-01,2021-05-27,5,5271.628,0,1,0,0,217,2,2,5,22,hibernating
DW-13540,2020-02-27,2021-09-23,5,344.08,0,1,0,0,98,3,2,1,32,about_to_sleep
DW-13585,2018-08-24,2021-05-02,7,1204.854,0,1,0,0,242,1,3,2,13,at Risk
Dl-13600,2018-03-30,2021-09-02,5,755.602,0,1,0,0,119,2,2,1,22,hibernating
Dp-13240,2018-05-26,2021-10-07,11,7198.7609999999995,1,1,0,0,84,3,5,5,35,loyal customers
EA-14035,2018-09-13,2021-07-31,13,2846.705,0,1,0,0,152,2,5,4,25,can't_loose
EB-13705,2018-07-08,2021-11-12,9,3644.978,1,1,0,0,48,4,5,4,45,loyal customers
EB-13750,2019-03-12,2021-11-25,10,3236.314,1,1,0,0,35,4,5,4,45,loyal customers
EB-13840,2018-05-30,2021-10-01,5,4358.128,1,1,0,0,90,3,2,5,32,about_to_sleep
EB-13870,2018-05-05,2021-09-21,10,2767.219,0,1,0,0,100,3,5,4,35,loyal customers
EB-13930,2018-02-02,2021-07-22,5,944.6000000000001,0,1,0,0,161,2,2,1,22,hibernating
EB-13975,2020-01-04,2021-12-30,4,1643.255,1,1,0,0,0,5,1,2,51,new_customers
EB-14110,2019-04-13,2021-09-08,6,3071.126,0,1,0,0,113,2,3,4,23,at Risk
EB-14170,2018-09-29,2021-10-09,6,1186.326,1,1,0,0,82,3,3,2,33,need attention
EC-14050,2018-12-17,2021-11-07,5,461.914,1,1,0,0,53,4,2,1,42,potential_loyalists
ED-13885,2018-08-09,2021-08-17,8,3484.92,0,1,0,0,135,2,4,4,24,at Risk
EG-13900,2019-11-02,2021-12-08,5,1832.02,1,1,0,0,22,5,2,3,52,potential_loyalists
EH-13765,2018-04-12,2021-08-17,12,10310.880000000001,0,1,0,0,135,2,5,5,25,can't_loose
EH-13945,2018-07-02,2021-05-27,8,684.1709999999999,0,1,0,0,217,2,4,1,24,at Risk
EH-13990,2018-01-15,2020-11-20,6,825.9499999999999,0,1,0,1,405,1,3,1,13,at Risk
EH-14005,2018-05-13,2021-12-28,7,1219.53,1,1,0,0,2,5,3,2,53,potential_loyalists
EH-14125,2018-10-19,2021-07-31,10,3082.653,0,1,0,0,152,2,5,4,25,can't_loose
EH-14185,2018-05-22,2021-09-16,6,923.884,0,1,0,0,105,2,3,1,23,at Risk
EJ-13720,2018-01-27,2021-03-03,4,2162.174,0,1,0,0,302,1,1,3,11,hibernating
EJ-14155,2018-03-03,2021-11-03,5,2656.691,1,1,0,0,57,3,2,3,32,about_to_sleep
EK-13795,2018-03-18,2021-11-16,4,1303.478,1,1,0,0,44,4,1,2,41,promising
EL-13735,2020-04-22,2021-10-14,2,124.28,1,1,0,0,77,3,1,1,31,about_to_sleep
EM-13810,2019-06-07,2021-08-20,5,2567.0099999999998,0,1,0,0,132,2,2,3,22,hibernating
EM-13825,2018-12-02,2021-11-05,8,2339.598,1,1,0,0,55,3,4,3,34,loyal customers
EM-13960,2019-10-01,2021-08-01,5,933.704,0,1,0,0,151,2,2,1,22,hibernating
EM-14065,2018-07-22,2021-11-13,4,228.99,1,1,0,0,47,4,1,1,41,promising
EM-14095,2019-08-07,2021-09-08,4,1041.0420000000001,0,1,0,0,113,2,1,2,21,hibernating
EM-14140,2018-07-19,2021-11-12,6,4588.436000000001,1,1,0,0,48,4,3,5,43,potential_loyalists
EM-14200,2019-12-20,2021-07-25,3,366.822,0,1,0,0,158,2,1,1,21,hibernating
EN-13780,2019-05-30,2021-03-18,4,2199.366,0,1,0,0,287,1,1,3,11,hibernating
EP-13915,2018-07-06,2021-12-18,17,5478.0608,1,1,0,0,12,5,5,5,55,champions
ER-13855,2019-12-21,2020-11-04,3,1245.788,0,1,0,1,421,1,1,2,11,hibernating
ES-14020,2018-09-20,2021-11-20,5,3510.4579999999996,1,1,0,0,40,4,2,4,42,potential_loyalists
ES-14080,2018-10-02,2021-12-02,9,4657.924,1,1,0,0,28,4,5,5,45,loyal customers
FA-14230,2018-09-19,2021-09-24,7,2984.054,0,1,0,0,97,3,3,4,33,need attention
FC-14245,2019-06-13,2021-10-21,7,3418.742,1,1,0,0,70,3,3,4,33,need attention
FC-14335,2018-10-10,2021-06-29,7,3889.366,0,1,0,0,184,2,3,4,23,at Risk
FG-14260,2018-05-21,2021-11-26,7,1383.144,1,1,0,0,34,4,3,2,43,potential_loyalists
FH-14275,2018-04-06,2021-11-23,10,4256.272,1,1,0,0,37,4,5,4,45,loyal customers
FH-14350,2019-08-23,2021-06-01,4,2271.284,0,1,0,0,212,2,1,3,21,hibernating
FH-14365,2018-10-20,2021-12-25,8,6987.196,1,1,0,0,5,5,4,5,54,champions
FM-14215,2018-03-11,2021-12-23,10,2456.638,1,1,0,0,7,5,5,3,55,champions
FM-14290,2018-08-26,2021-11-24,9,3736.198,1,1,0,0,36,4,5,4,45,loyal customers
FM-14380,2019-07-12,2021-08-07,9,2523.266,0,1,0,0,145,2,5,3,25,can't_loose
FO-14305,2018-06-09,2021-11-22,10,2678.438,1,1,0,0,38,4,5,3,45,loyal customers
FP-14320,2018-12-07,2021-12-07,8,4046.746,1,1,0,0,23,5,4,4,54,champions
FW-14395,2019-03-22,2021-01-02,3,79.75,0,1,0,0,362,1,1,1,11,hibernating
GA-14515,2018-05-18,2021-08-03,8,3919.7760000000003,0,1,0,0,149,2,4,4,24,at Risk
GA-14725,2018-02-11,2021-12-25,11,1398.382,1,1,0,0,5,5,5,2,55,champions
GB-14530,2018-04-28,2021-10-29,11,1568.44,1,1,0,0,62,3,5,2,35,loyal customers
GB-14575,2019-06-12,2021-12-17,5,4716.288,1,1,0,0,13,5,2,5,52,potential_loyalists
GD-14590,2018-05-05,2021-12-25,4,1888.07,1,1,0,0,5,5,1,3,51,new_customers
GG-14650,2018-10-31,2021-11-17,9,2224.0,1,1,0,0,43,4,5,3,45,loyal customers
GH-14410,2018-07-09,2021-10-16,9,2819.4669999999996,1,1,0,0,75,3,5,4,35,loyal customers
GH-14425,2018-06-17,2021-11-10,4,4172.8460000000005,1,1,0,0,50,4,1,4,41,promising
GH-14485,2019-10-08,2020-12-08,2,1361.2440000000001,0,1,0,1,387,1,1,2,11,hibernating
GH-14665,2019-11-17,2021-12-28,2,146.94080000000002,1,1,0,0,2,5,1,1,51,new_customers
GK-14620,2018-06-25,2021-09-09,9,6497.27,0,1,0,0,112,2,5,5,25,can't_loose
GM-14440,2018-03-21,2021-10-08,7,3582.8199999999997,1,1,0,0,83,3,3,4,33,need attention
GM-14455,2018-04-11,2021-12-14,6,3078.624,1,1,0,0,16,5,3,4,53,potential_loyalists
GM-14500,2018-08-09,2021-09-15,10,1255.682,0,1,0,0,106,2,5,2,25,can't_loose
GM-14680,2018-05-10,2021-07-31,6,3163.628,0,1,0,0,152,2,3,4,23,at Risk
GM-14695,2018-04-05,2021-09-04,3,6049.966,0,1,0,0,117,2,1,5,21,hibernating
GP-14740,2018-04-06,2019-11-26,2,236.53,0,1,0,0,765,1,1,1,11,hibernating
GR-14560,2018-11-19,2018-11-21,2,1284.38,0,1,0,0,1135,1,1,2,11,hibernating
GT-14635,2018-06-06,2021-11-04,3,9351.212,1,1,0,0,56,3,1,5,31,about_to_sleep
GT-14710,2018-05-23,2021-11-24,11,11820.119999999999,1,1,0,0,36,4,5,5,45,loyal customers
GT-14755,2019-02-18,2021-11-26,4,226.436,1,1,0,0,34,4,1,1,41,promising
GW-14605,2018-03-01,2021-12-02,7,2189.019,1,1,0,0,28,4,3,3,43,potential_loyalists
GZ-14470,2018-08-05,2021-12-23,9,4355.150000000001,1,1,0,0,7,5,5,5,55,champions
GZ-14545,2018-09-28,2021-07-26,4,2454.6220000000003,0,1,0,0,157,2,1,3,21,hibernating
HA-14905,2018-06-30,2021-10-22,7,2163.3,1,1,0,0,69,3,3,3,33,need attention
HA-14920,2018-10-11,2021-12-10,8,2584.158,1,1,0,0,20,5,4,3,54,champions
HD-14785,2018-05-11,2019-11-22,3,251.36,0,1,0,0,769,1,1,1,11,hibernating
HE-14800,2020-01-30,2021-12-18,4,883.5319999999999,1,1,0,0,12,5,1,1,51,new_customers
HF-14995,2018-05-26,2021-12-09,7,2533.1639999999998,1,1,0,0,21,5,4,3,54,champions
HG-14845,2018-04-29,2021-11-06,5,785.628,1,1,0,0,54,3,2,1,32,about_to_sleep
HG-14965,2018-09-20,2021-12-07,12,3247.642,1,1,0,0,23,5,5,4,55,champions
HG-15025,2018-10-14,2021-12-24,7,3690.284,1,1,0,0,6,5,4,4,54,champions
HH-15010,2018-08-29,2021-10-19,2,218.668,1,1,0,0,72,3,1,1,31,about_to_sleep
HJ-14875,2019-04-13,2021-08-26,5,358.1,0,1,0,0,126,2,2,1,22,hibernating
HK-14890,2018-06-10,2021-08-01,8,4877.784,0,1,0,0,151,2,4,5,24,at Risk
HL-15040,2018-01-20,2021-11-17,6,12873.297999999999,1,1,0,0,43,4,3,5,43,potential_loyalists
HM-14860,2018-07-21,2021-12-28,10,8236.7648,1,1,0,0,2,5,5,5,55,champions
HM-14980,2019-10-02,2021-04-27,4,736.276,0,1,0,0,247,1,1,1,11,hibernating
HP-14815,2018-05-06,2021-11-30,7,1990.314,1,1,0,0,30,4,4,3,44,loyal customers
HR-14770,2018-03-01,2021-12-17,5,1299.288,1,1,0,0,13,5,2,2,52,potential_loyalists
HR-14830,2018-11-24,2021-07-24,7,5248.787,0,1,0,0,159,2,4,5,24,at Risk
HW-14935,2019-09-27,2021-09-04,8,9300.254,0,1,0,0,117,2,4,5,24,at Risk
HZ-14950,2020-03-14,2021-11-25,5,886.52,1,1,0,0,35,4,2,1,42,potential_loyalists
IG-15085,2018-10-18,2021-10-20,4,744.574,1,1,0,0,71,3,1,1,31,about_to_sleep
IL-15100,2018-08-01,2021-08-10,7,5040.736,0,1,0,0,142,2,4,5,24,at Risk
IM-15055,2018-01-23,2020-11-16,3,2872.63,0,1,0,1,409,1,1,4,11,hibernating
IM-15070,2018-12-19,2020-12-05,7,4930.474,0,1,0,1,390,1,4,5,14,at Risk
JA-15970,2018-09-17,2021-09-29,8,6491.026,0,1,0,0,92,3,4,5,34,loyal customers
JB-15400,2018-09-14,2021-12-23,10,1791.605,1,1,0,0,7,5,5,3,55,champions
JB-15925,2018-12-05,2019-12-24,3,900.552,0,1,0,0,737,1,1,1,11,hibernating
JB-16000,2020-01-10,2021-11-17,7,644.1188,1,1,0,0,43,4,4,1,44,loyal customers
JB-16045,2019-05-03,2021-12-23,5,2518.115,1,1,0,0,7,5,2,3,52,potential_loyalists
JC-15340,2018-01-28,2021-09-07,4,71.263,0,1,0,0,114,2,1,1,21,hibernating
JC-15385,2021-07-08,2021-07-08,1,1058.108,0,0,1,0,175,2,1,2,21,hibernating
JC-15775,2018-09-14,2021-07-25,9,2772.055,0,1,0,0,158,2,5,4,25,can't_loose
JC-16105,2018-11-18,2021-11-03,5,858.576,1,1,0,0,57,3,2,1,32,about_to_sleep
JD-15790,2019-04-02,2021-09-04,5,2152.352,0,1,0,0,117,2,2,3,22,hibernating
JD-15895,2018-03-26,2020-12-01,11,7610.8640000000005,0,1,0,1,394,1,5,5,15,can't_loose
JD-16015,2018-10-04,2021-09-09,6,385.43,0,1,0,0,112,2,3,1,23,at Risk
JD-16060,2018-09-24,2021-03-05,3,695.442,0,1,0,0,300,1,1,1,11,hibernating
JD-16150,2018-11-16,2021-11-19,8,8828.0305,1,1,0,0,41,4,4,5,44,loyal customers
JE-15475,2019-03-16,2021-06-20,6,1388.682,0,1,0,0,193,2,3,2,23,at Risk
JE-15610,2018-10-14,2021-11-12,7,7754.976,1,1,0,0,48,4,4,5,44,loyal customers
JE-15715,2018-08-25,2021-11-14,10,8697.842999999999,1,1,0,0,46,4,5,5,45,loyal customers
JE-15745,2018-06-22,2021-11-09,13,6760.8150000000005,1,1,0,0,51,4,5,5,45,loyal customers
JE-16165,2020-12-05,2021-12-10,3,2697.248,1,1,0,0,20,5,1,3,51,new_customers
JF-15190,2018-11-15,2021-10-26,7,2279.5860000000002,1,1,0,0,65,3,4,3,34,loyal customers
JF-15295,2018-03-14,2021-05-19,5,955.124,0,1,0,0,225,1,2,1,12,hibernating
JF-15355,2019-10-23,2021-09-16,6,1911.844,0,1,0,0,105,2,3,3,23,at Risk
JF-15415,2018-06-17,2021-12-28,6,2371.448,1,1,0,0,2,5,3,3,53,potential_loyalists
JF-15490,2018-10-19,2021-08-31,11,1082.918,0,1,0,0,121,2,5,2,25,can't_loose
JF-15565,2018-10-11,2021-11-06,8,4198.332,1,1,0,0,54,3,4,4,34,loyal customers
JG-15115,2018-09-21,2019-12-03,3,2358.676,0,1,0,0,758,1,1,3,11,hibernating
JG-15160,2018-05-30,2021-12-29,11,6366.392,1,1,0,0,1,5,5,5,55,champions
JG-15310,2020-03-03,2021-12-28,6,2240.58,1,1,0,0,2,5,3,3,53,potential_loyalists
JG-15805,2018-04-05,2021-05-21,6,1507.018,0,1,0,0,223,2,3,2,23,at Risk
JH-15430,2018-02-24,2021-12-25,4,309.281,1,1,0,0,5,5,1,1,51,new_customers
JH-15820,2018-05-19,2021-07-09,6,528.91,0,1,0,0,174,2,3,1,23,at Risk
JH-15910,2019-06-12,2021-11-19,7,959.477,1,1,0,0,41,4,4,2,44,loyal customers
JH-15985,2018-08-09,2021-12-01,6,7954.9980000000005,1,1,0,0,29,4,3,5,43,potential_loyalists
JH-16180,2019-05-25,2020-11-21,4,2256.3940000000002,0,1,0,1,404,1,1,3,11,hibernating
JJ-15445,2019-03-05,2020-09-03,5,709.178,0,1,0,1,483,1,2,1,12,hibernating
JJ-15760,2019-10-05,2019-12-08,2,195.0,0,1,0,0,753,1,1,1,11,hibernating
JK-15205,2018-07-11,2021-10-30,5,4427.142,1,1,0,0,61,3,2,5,32,about_to_sleep
JK-15325,2018-11-21,2021-03-18,3,383.812,0,1,0,0,287,1,1,1,11,hibernating
JK-15370,2018-04-11,2021-11-16,8,2709.632,1,1,0,0,44,4,4,3,44,loyal customers
JK-15625,2018-05-31,2021-10-30,7,3760.028,1,1,0,0,61,3,4,4,34,loyal customers
JK-15640,2018-09-19,2021-07-03,9,4760.434,0,1,0,0,180,2,5,5,25,can't_loose
JK-15730,2018-11-18,2021-10-07,10,4867.2,1,1,0,0,84,3,5,5,35,loyal customers
JK-16090,2019-04-21,2021-12-02,3,3747.668,1,1,0,0,28,4,1,4,41,promising
JK-16120,2018-11-02,2021-09-04,10,2932.484,0,1,0,0,117,2,5,4,25,can't_loose
JL-15130,2018-07-18,2021-12-22,6,1214.956,1,1,0,0,8,5,3,2,53,potential_loyalists
JL-15175,2018-12-31,2021-12-24,5,1571.523,1,1,0,0,6,5,2,2,52,potential_loyalists
JL-15235,2018-05-25,2021-09-02,5,2203.7,0,1,0,0,119,2,2,3,22,hibernating
JL-15505,2018-11-14,2021-11-11,6,3173.874,1,1,0,0,49,4,3,4,43,potential_loyalists
JL-15835,2018-04-18,2021-12-09,11,9799.923,1,1,0,0,21,5,5,5,55,champions
JL-15850,2018-07-22,2020-04-25,6,2725.256,0,1,0,1,614,1,3,3,13,at Risk
JM-15250,2020-03-29,2021-11-23,6,3159.1220000000003,1,1,0,0,37,4,3,4,43,potential_loyalists
JM-15265,2018-08-25,2021-11-23,5,1804.146,1,1,0,0,37,4,2,3,42,potential_loyalists
JM-15535,2018-09-13,2021-09-19,7,1733.443,0,1,0,0,102,3,4,2,34,loyal customers
JM-15580,2020-04-14,2021-12-30,5,303.948,1,1,0,0,0,5,2,1,52,potential_loyalists
JM-15655,2018-04-08,2021-12-22,5,864.947,1,1,0,0,8,5,2,1,52,potential_loyalists
JM-15865,2018-11-19,2021-09-12,7,7625.076000000001,0,1,0,0,109,2,4,5,24,at Risk
JM-16195,2018-04-30,2021-11-03,10,2833.9260000000004,1,1,0,0,57,3,5,4,35,loyal customers
JO-15145,2018-01-06,2021-11-03,9,3254.949,1,1,0,0,57,3,5,4,35,loyal customers
JO-15280,2018-03-31,2021-09-29,6,1934.272,0,1,0,0,92,3,3,3,33,need attention
JO-15550,2019-03-19,2021-05-29,5,1090.838,0,1,0,0,215,2,2,2,22,hibernating
JP-15460,2018-08-24,2021-11-23,7,1669.135,1,1,0,0,37,4,4,2,44,loyal customers
JP-15520,2018-08-22,2021-12-22,7,3635.594,1,1,0,0,8,5,4,4,54,champions
JP-16135,2018-09-23,2021-09-19,9,1707.71,0,1,0,0,102,3,5,2,35,loyal customers
JR-15670,2019-12-24,2020-05-16,2,1156.658,0,1,0,1,593,1,1,2,11,hibernating
JR-15700,2021-10-23,2021-10-23,1,863.88,1,0,1,0,68,3,1,1,31,about_to_sleep
JR-16210,2019-09-18,2021-11-27,5,2201.686,1,1,0,0,33,4,2,3,42,potential_loyalists
JS-15595,2018-03-03,2021-09-02,4,1417.654,0,1,0,0,119,2,1,2,21,hibernating
JS-15685,2020-06-14,2021-11-18,4,1131.0639999999999,1,1,0,0,42,4,1,2,41,promising
JS-15880,2018-04-08,2020-07-14,5,3868.02,0,1,0,1,534,1,2,4,12,hibernating
JS-15940,2018-05-03,2020-09-23,5,469.169,0,1,0,1,463,1,2,1,12,hibernating
JS-16030,2018-02-27,2021-12-02,6,2516.494,1,1,0,0,28,4,3,3,43,potential_loyalists
JW-15220,2019-04-30,2021-11-18,6,7721.714,1,1,0,0,42,4,3,5,43,potential_loyalists
JW-15955,2019-08-16,2021-12-25,7,1244.086,1,1,0,0,5,5,4,2,54,champions
JW-16075,2019-03-21,2020-09-25,4,1428.731,0,1,0,1,461,1,1,2,11,hibernating
KA-16525,2018-03-11,2021-11-24,7,1519.506,1,1,0,0,36,4,4,2,44,loyal customers
KB-16240,2018-03-31,2021-12-26,7,3152.6150000000002,1,1,0,0,4,5,4,4,54,champions
KB-16315,2018-08-26,2021-03-09,9,1569.464,0,1,0,0,296,1,5,2,15,can't_loose
KB-16405,2019-11-20,2021-09-04,3,908.821,0,1,0,0,117,2,1,1,21,hibernating
KB-16585,2018-04-04,2021-05-14,12,2744.742,0,1,0,0,230,1,5,3,15,can't_loose
KB-16600,2018-12-30,2021-12-29,7,983.922,1,1,0,0,1,5,4,2,54,champions
KC-16255,2018-09-08,2020-11-18,6,2120.954,0,1,0,1,407,1,3,3,13,at Risk
KC-16540,2019-11-02,2021-09-24,4,3908.262,0,1,0,0,97,3,1,4,31,about_to_sleep
KC-16675,2018-12-13,2021-11-03,4,1146.05,1,1,0,0,57,3,1,2,31,about_to_sleep
KD-16270,2018-11-11,2020-09-02,5,8282.358,0,1,0,1,484,1,2,5,12,hibernating
KD-16345,2018-09-02,2021-11-19,6,1888.964,1,1,0,0,41,4,3,3,43,potential_loyalists
KD-16495,2018-09-28,2021-09-09,12,8181.256,0,1,0,0,112,2,5,5,25,can't_loose
KD-16615,2019-09-13,2021-03-16,5,2243.5099999999998,0,1,0,0,289,1,2,3,12,hibernating
KE-16420,2018-04-03,2021-12-04,8,1686.7312,1,1,0,0,26,5,4,2,54,champions
KF-16285,2018-09-26,2021-09-24,7,10604.266,0,1,0,0,97,3,4,5,34,loyal customers
KH-16330,2018-04-01,2021-11-20,8,3312.864,1,1,0,0,40,4,4,4,44,loyal customers
KH-16360,2018-04-29,2021-12-29,6,3100.612,1,1,0,0,1,5,3,4,53,potential_loyalists
KH-16510,2018-08-15,2021-12-08,7,5952.859,1,1,0,0,22,5,4,5,54,champions
KH-16630,2018-11-01,2021-11-02,9,3918.9660000000003,1,1,0,0,58,3,5,4,35,loyal customers
KH-16690,2018-03-21,2021-12-28,7,5990.799,1,1,0,0,2,5,4,5,54,champions
KL-16555,2018-06-15,2021-12-14,8,5016.488,1,1,0,0,16,5,4,5,54,champions
KL-16645,2018-07-25,2021-11-13,12,14175.229000000001,1,1,0,0,47,4,5,5,45,loyal customers
KM-16225,2019-07-06,2021-12-16,6,2260.958,1,1,0,0,14,5,3,3,53,potential_loyalists
KM-16375,2018-07-20,2021-11-04,8,5620.186,1,1,0,0,56,3,4,5,34,loyal customers
KM-16660,2018-12-22,2021-12-15,5,453.538,1,1,0,0,15,5,2,1,52,potential_loyalists
KM-16720,2018-03-30,2021-12-02,8,4909.472,1,1,0,0,28,4,4,5,44,loyal customers
KN-16390,2018-12-02,2021-12-11,9,2617.272,1,1,0,0,19,5,5,3,55,champions
KN-16450,2018-04-12,2021-11-08,5,2171.962,1,1,0,0,52,4,2,3,42,potential_loyalists
KN-16705,2018-03-02,2021-09-23,8,2280.58,0,1,0,0,98,3,4,3,34,loyal customers
KS-16300,2019-01-13,2021-03-10,3,88.472,0,1,0,0,295,1,1,1,11,hibernating
KT-16465,2018-09-08,2020-12-04,7,3057.1,0,1,0,1,391,1,4,4,14,at Risk
KT-16480,2018-03-10,2021-09-21,10,4642.088400000001,0,1,0,0,100,3,5,5,35,loyal customers
KW-16435,2019-08-24,2021-09-25,5,4416.5199999999995,0,1,0,0,96,3,2,5,32,about_to_sleep
KW-16570,2018-09-30,2019-11-20,4,449.096,0,1,0,0,771,1,1,1,11,hibernating
LA-16780,2018-04-29,2021-07-29,11,8673.222,0,1,0,0,154,2,5,5,25,can't_loose
LB-16735,2020-07-25,2021-11-12,3,50.188,1,1,0,0,48,4,1,1,41,promising
LB-16795,2018-04-23,2021-07-31,8,4985.676,0,1,0,0,152,2,4,5,24,at Risk
LC-16870,2019-05-03,2021-12-03,8,2580.7039999999997,1,1,0,0,27,4,4,3,44,loyal customers
LC-16885,2018-04-25,2021-12-14,12,7663.126,1,1,0,0,16,5,5,5,55,champions
LC-16930,2018-02-20,2021-11-19,8,4492.946,1,1,0,0,41,4,4,5,44,loyal customers
LC-16960,2019-02-23,2020-10-20,4,3246.626,0,1,0,1,436,1,1,4,11,hibernating
LC-17050,2018-01-31,2021-11-06,5,2095.064,1,1,0,0,54,3,2,3,32,about_to_sleep
LC-17140,2018-09-09,2021-12-17,9,2633.582,1,1,0,0,13,5,5,3,55,champions
LD-16855,2020-06-26,2020-06-26,1,5.304,0,0,0,1,552,1,1,1,11,hibernating
LD-17005,2018-09-29,2020-11-11,4,1961.934,0,1,0,1,414,1,1,3,11,hibernating
LE-16810,2018-05-27,2021-12-09,6,1469.45,1,1,0,0,21,5,3,2,53,potential_loyalists
LF-17185,2018-07-26,2021-12-08,7,3930.5089999999996,1,1,0,0,22,5,4,4,54,champions
LH-16750,2018-09-21,2021-08-01,3,287.426,0,1,0,0,151,2,1,1,21,hibernating
LH-16900,2018-08-19,2021-12-09,9,2295.332,1,1,0,0,21,5,5,3,55,champions
LH-17020,2018-09-08,2021-05-05,4,318.239,0,1,0,0,239,1,1,1,11,hibernating
LH-17155,2018-12-12,2020-12-10,9,1739.689,0,1,0,1,385,1,5,3,15,can't_loose
LL-16840,2018-04-29,2021-04-25,6,2741.2039999999997,0,1,0,0,249,1,3,3,13,at Risk
LM-17065,2018-06-27,2020-12-04,5,1346.774,0,1,0,1,391,1,2,2,12,hibernating
LO-17170,2019-02-06,2021-12-28,5,644.35,1,1,0,0,2,5,2,1,52,potential_loyalists
LP-17080,2018-06-24,2021-11-20,4,756.606,1,1,0,0,40,4,1,1,41,promising
LP-17095,2020-06-06,2021-12-21,7,3653.399,1,1,0,0,9,5,4,4,54,champions
LR-16915,2018-08-08,2021-12-04,6,5142.892,1,1,0,0,26,5,3,5,53,potential_loyalists
LR-17035,2018-09-07,2021-08-20,5,1879.306,0,1,0,0,132,2,2,3,22,hibernating
LS-16945,2019-04-25,2021-07-05,6,2845.27,0,1,0,0,178,2,3,4,23,at Risk
LS-16975,2018-10-20,2021-12-10,9,2988.674,1,1,0,0,20,5,5,4,55,champions
LS-17200,2018-10-18,2021-09-25,6,1010.2560000000001,0,1,0,0,96,3,3,2,33,need attention
LS-17230,2018-01-06,2019-11-14,3,368.88000000000005,0,1,0,0,777,1,1,1,11,hibernating
LS-17245,2018-10-16,2021-11-26,6,1008.1360000000001,1,1,0,0,34,4,3,2,43,potential_loyalists
LT-16765,2018-09-01,2021-12-04,3,329.876,1,1,0,0,26,5,1,1,51,new_customers
LT-17110,2018-06-01,2021-11-26,8,2936.252,1,1,0,0,34,4,4,4,44,loyal customers
LW-16825,2018-05-30,2021-10-03,5,2238.061,1,1,0,0,88,3,2,3,32,about_to_sleep
LW-16990,2020-05-05,2021-11-27,6,3230.308,1,1,0,0,33,4,3,4,43,potential_loyalists
LW-17125,2018-09-11,2021-06-08,3,1259.04,0,1,0,0,205,2,1,2,21,hibernating
LW-17215,2018-09-12,2021-12-09,7,5420.514,1,1,0,0,21,5,4,5,54,champions
MA-17560,2018-08-08,2021-10-27,11,4299.161,1,1,0,0,64,3,5,5,35,loyal customers
MA-17995,2018-09-20,2021-06-27,6,2453.284,0,1,0,0,186,2,3,3,23,at Risk
MB-17305,2018-08-08,2021-11-12,10,1548.702,1,1,0,0,48,4,5,2,45,loyal customers
MB-18085,2018-01-05,2021-11-16,7,1428.231,1,1,0,0,44,4,4,2,44,loyal customers
MC-17275,2018-09-08,2021-10-15,8,2725.982,1,1,0,0,76,3,4,3,34,loyal customers
MC-17425,2018-05-30,2020-11-26,5,4432.138,0,1,0,1,399,1,2,5,12,hibernating
MC-17575,2018-12-02,2021-12-03,8,1303.893,1,1,0,0,27,4,4,2,44,loyal customers
MC-17590,2018-05-20,2021-11-09,6,2426.067,1,1,0,0,51,4,3,3,43,potential_loyalists
MC-17605,2018-03-19,2021-09-09,8,2258.192,0,1,0,0,112,2,4,3,24,at Risk
MC-17635,2018-11-28,2021-06-24,4,795.154,0,1,0,0,189,2,1,1,21,hibernating
MC-17845,2018-07-05,2021-12-29,7,3805.714,1,1,0,0,1,5,4,4,54,champions
MC-18100,2018-06-18,2021-11-19,10,2218.98,1,1,0,0,41,4,5,3,45,loyal customers
MC-18130,2018-09-19,2020-12-26,5,1581.9979999999998,0,1,0,1,369,1,2,2,12,hibernating
MD-17350,2018-11-05,2021-09-04,7,3766.382,0,1,0,0,117,2,4,4,24,at Risk
MD-17860,2018-12-02,2021-11-24,5,1204.91,1,1,0,0,36,4,2,2,42,potential_loyalists
ME-17320,2018-01-06,2021-11-18,10,10663.728000000001,1,1,0,0,42,4,5,5,45,loyal customers
ME-17725,2018-07-12,2021-12-02,8,1908.4532,1,1,0,0,28,4,4,3,44,loyal customers
ME-18010,2018-07-21,2021-09-29,4,1256.944,0,1,0,0,92,3,2,2,32,about_to_sleep
MF-17665,2018-12-30,2020-11-04,5,937.039,0,1,0,1,421,1,2,1,12,hibernating
MF-18250,2018-09-15,2021-12-23,5,1758.3,1,1,0,0,7,5,2,3,52,potential_loyalists
MG-17650,2018-08-09,2021-12-01,7,3785.276,1,1,0,0,29,4,4,4,44,loyal customers
MG-17680,2018-10-22,2021-09-29,4,2350.188,0,1,0,0,92,3,2,3,32,about_to_sleep
MG-17695,2018-12-26,2020-06-23,3,1342.282,0,1,0,1,555,1,1,2,11,hibernating
MG-17875,2018-02-23,2021-09-05,5,1242.8329999999999,0,1,0,0,116,2,2,2,22,hibernating
MG-17890,2018-12-29,2021-09-22,9,776.384,0,1,0,0,99,3,5,1,35,loyal customers
MG-18145,2018-03-29,2021-10-07,4,3061.543,1,1,0,0,84,3,2,4,32,about_to_sleep
MG-18205,2021-04-10,2021-04-10,1,16.739,0,0,1,0,264,1,1,1,11,hibernating
MH-17290,2018-04-26,2021-09-02,6,2394.025,0,1,0,0,119,2,3,3,23,at Risk
MH-17440,2018-02-04,2020-12-19,4,400.016,0,1,0,1,376,1,2,1,12,hibernating
MH-17455,2018-07-11,2021-10-06,8,2456.1820000000002,1,1,0,0,85,3,4,3,34,loyal customers
MH-17620,2019-12-05,2021-07-28,4,1252.8,0,1,0,0,155,2,2,2,22,hibernating
MH-17785,2018-05-27,2021-09-23,7,2203.7780000000002,0,1,0,0,98,3,4,3,34,loyal customers
MH-18025,2018-07-08,2021-11-11,5,2984.948,1,1,0,0,49,4,2,4,42,potential_loyalists
MH-18115,2020-08-23,2021-12-25,9,5503.093,1,1,0,0,5,5,5,5,55,champions
MJ-17740,2019-06-09,2021-12-08,7,6320.746,1,1,0,0,22,5,4,5,54,champions
MK-17905,2018-11-18,2021-12-02,8,2302.368,1,1,0,0,28,4,4,3,44,loyal customers
MK-18160,2018-12-19,2021-05-04,4,1031.602,0,1,0,0,240,1,2,2,12,hibernating
ML-17395,2018-02-14,2021-10-22,9,2722.843,1,1,0,0,69,3,5,3,35,loyal customers
ML-17410,2018-11-14,2021-11-06,6,2921.5,1,1,0,0,54,3,3,4,33,need attention
ML-17755,2020-08-04,2021-12-01,7,2071.9139999999998,1,1,0,0,29,4,4,3,44,loyal customers
ML-18040,2021-03-26,2021-10-12,3,742.082,1,1,1,0,79,3,1,1,31,about_to_sleep
ML-18265,2019-05-31,2021-09-21,2,162.232,0,1,0,0,100,3,1,1,31,about_to_sleep
MM-17260,2018-05-28,2021-07-15,4,1314.023,0,1,0,0,168,2,2,2,22,hibernating
MM-17920,2018-01-13,2021-12-23,11,3794.0800000000004,1,1,0,0,7,5,5,4,55,champions
MM-18055,2018-04-11,2021-10-30,8,2749.881,1,1,0,0,61,3,4,3,34,loyal customers
MM-18280,2018-01-20,2021-10-06,9,775.414,1,1,0,0,85,3,5,1,35,loyal customers
MN-17935,2018-02-16,2021-11-26,6,2477.946,1,1,0,0,34,4,3,3,43,potential_loyalists
MO-17500,2018-11-28,2021-10-19,4,922.487,1,1,0,0,72,3,2,1,32,about_to_sleep
MO-17800,2019-09-17,2021-09-17,8,1687.0269999999998,0,1,0,0,104,2,4,2,24,at Risk
MO-17950,2019-04-02,2021-07-03,2,154.288,0,1,0,0,180,2,1,1,21,hibernating
MP-17470,2018-03-30,2020-01-11,7,3206.132,0,1,0,1,719,1,4,4,14,at Risk
MP-17965,2019-04-18,2021-10-19,9,3983.6420000000003,1,1,0,0,72,3,5,4,35,loyal customers
MP-18175,2018-03-28,2021-12-14,9,5087.92,1,1,0,0,16,5,5,5,55,champions
MR-17545,2018-09-03,2021-08-27,4,639.178,0,1,0,0,125,2,2,1,22,hibernating
MS-17365,2018-09-09,2021-04-01,10,7443.6900000000005,0,1,0,0,273,1,5,5,15,can't_loose
MS-17530,2018-11-04,2020-10-22,4,475.65599999999995,0,1,0,1,434,1,2,1,12,hibernating
MS-17710,2018-03-24,2020-11-12,6,1613.402,0,1,0,1,413,1,3,2,13,at Risk
MS-17770,2018-07-04,2021-08-31,9,3144.678,0,1,0,0,121,2,5,4,25,can't_loose
MS-17830,2018-01-09,2020-10-04,4,370.348,0,1,0,1,452,1,2,1,12,hibernating
MS-17980,2018-06-30,2021-12-04,6,855.116,1,1,0,0,26,5,3,1,53,potential_loyalists
MT-17815,2019-11-06,2021-11-11,6,2890.139,1,1,0,0,49,4,3,4,43,potential_loyalists
MT-18070,2018-09-25,2021-06-10,4,1319.4498,0,1,0,0,203,2,2,2,22,hibernating
MV-17485,2018-01-20,2021-12-03,9,1560.05,1,1,0,0,27,4,5,2,45,loyal customers
MV-18190,2018-01-30,2021-12-11,7,1734.574,1,1,0,0,19,5,4,2,54,champions
MW-18220,2018-08-25,2021-12-13,7,5341.900000000001,1,1,0,0,17,5,4,5,54,champions
MW-18235,2018-05-21,2021-11-16,2,5253.876,1,1,0,0,44,4,1,5,41,promising
MY-17380,2019-10-26,2021-12-01,7,2254.285,1,1,0,0,29,4,4,3,44,loyal customers
MY-18295,2018-04-28,2021-10-20,11,4152.696,1,1,0,0,71,3,5,4,35,loyal customers
MZ-17335,2019-11-08,2021-11-30,4,593.606,1,1,0,0,30,4,2,1,42,potential_loyalists
MZ-17515,2018-04-04,2021-03-23,6,2564.906,0,1,0,0,282,1,3,3,13,at Risk
NB-18580,2018-09-26,2018-10-22,2,273.87199999999996,0,1,0,0,1165,1,1,1,11,hibernating
NB-18655,2018-12-05,2021-12-11,9,1972.599,1,1,0,0,19,5,5,3,55,champions
NC-18340,2018-03-30,2021-05-20,5,2461.404,0,1,0,0,224,2,2,3,22,hibernating
NC-18415,2018-05-03,2021-11-19,6,2218.9900000000002,1,1,0,0,41,4,3,3,43,potential_loyalists
NC-18535,2018-07-23,2021-12-24,7,8241.739,1,1,0,0,6,5,4,5,54,champions
NC-18625,2018-10-29,2021-06-09,5,1821.742,0,1,0,0,204,2,2,3,22,hibernating
ND-18370,2018-01-13,2021-12-03,9,4326.139,1,1,0,0,27,4,5,5,45,loyal customers
ND-18460,2018-02-06,2021-06-30,6,2893.455,0,1,0,0,183,2,3,4,23,at Risk
NF-18385,2018-02-11,2021-10-12,7,8322.826,1,1,0,0,79,3,4,5,34,loyal customers
NF-18475,2018-03-14,2020-07-23,4,377.16200000000003,0,1,0,1,525,1,2,1,12,hibernating
NF-18595,2018-04-19,2021-09-07,7,2031.472,0,1,0,0,114,2,4,3,24,at Risk
NG-18355,2018-11-24,2021-11-12,5,1869.58,1,1,0,0,48,4,2,3,42,potential_loyalists
NG-18430,2018-11-24,2021-11-12,5,1395.9379999999999,1,1,0,0,48,4,2,2,42,potential_loyalists
NH-18610,2018-03-02,2021-06-24,7,2673.29,0,1,0,0,189,2,4,3,24,at Risk
NK-18490,2019-05-28,2021-10-21,7,572.048,1,1,0,0,70,3,4,1,34,loyal customers
NL-18310,2018-10-31,2021-11-02,4,1418.0900000000001,1,1,0,0,58,3,2,2,32,about_to_sleep
NM-18445,2018-02-08,2021-07-23,7,6459.344,0,1,0,0,160,2,4,5,24,at Risk
NM-18520,2019-09-08,2021-04-30,10,2161.979,0,1,0,0,244,1,5,3,15,can't_loose
NP-18325,2018-05-13,2021-12-05,6,5529.62,1,1,0,0,25,5,3,5,53,potential_loyalists
NP-18670,2019-02-27,2021-11-02,5,3908.402,1,1,0,0,58,3,2,4,32,about_to_sleep
NP-18685,2018-03-07,2020-11-19,6,1228.698,0,1,0,1,406,1,3,2,13,at Risk
NP-18700,2018-09-05,2021-08-14,7,7903.1825,0,1,0,0,138,2,4,5,24,at Risk
NR-18550,2018-06-07,2021-06-03,5,2367.277,0,1,0,0,210,2,2,3,22,hibernating
NS-18505,2020-11-24,2021-12-24,4,2575.863,1,1,0,0,6,5,2,3,52,potential_loyalists
NS-18640,2018-06-25,2021-07-09,13,2964.823,0,1,0,0,174,2,5,4,25,can't_loose
NW-18400,2018-06-21,2021-07-11,7,7234.014,0,1,0,0,172,2,4,5,24,at Risk
NZ-18565,2018-08-02,2021-10-06,9,2488.31,1,1,0,0,85,3,5,3,35,loyal customers
ON-18715,2018-09-13,2020-11-15,9,1567.52,0,1,0,1,410,1,5,2,15,can't_loose
OT-18730,2019-04-20,2021-10-26,5,3818.624,1,1,0,0,65,3,2,4,32,about_to_sleep
PA-19060,2018-05-17,2021-09-18,6,729.408,0,1,0,0,103,3,3,1,33,need attention
PB-18805,2019-11-20,2021-12-05,3,740.356,1,1,0,0,25,5,1,1,51,new_customers
PB-19105,2018-11-15,2021-11-03,4,688.324,1,1,0,0,57,3,2,1,32,about_to_sleep
PB-19150,2018-07-14,2021-09-24,8,1456.95,0,1,0,0,97,3,4,2,34,loyal customers
PB-19210,2018-11-23,2020-02-11,2,132.738,0,1,0,1,688,1,1,1,11,hibernating
PC-18745,2018-12-31,2021-12-28,4,1832.064,1,1,0,0,2,5,2,3,52,potential_loyalists
PC-19000,2018-04-08,2019-08-01,2,1061.488,0,1,0,0,882,1,1,2,11,hibernating
PF-19120,2018-05-05,2019-09-17,4,9062.864,0,1,0,0,835,1,2,5,12,hibernating
PF-19165,2018-09-20,2021-06-17,6,2770.0,0,1,0,0,196,2,3,4,23,at Risk
PF-19225,2020-06-26,2021-09-07,5,2206.1279999999997,0,1,0,0,114,2,2,3,22,hibernating
PG-18820,2018-05-09,2021-11-24,13,3086.907,1,1,0,0,36,4,5,4,45,loyal customers
PG-18895,2018-05-11,2021-11-03,9,1987.164,1,1,0,0,57,3,5,3,35,loyal customers
PH-18790,2021-10-21,2021-10-21,1,729.648,1,0,1,0,70,3,1,1,31,about_to_sleep
PJ-18835,2018-05-28,2021-11-21,8,1220.09,1,1,0,0,39,4,4,2,44,loyal customers
PJ-19015,2018-04-07,2021-08-18,7,1824.2340000000002,0,1,0,0,134,2,4,3,24,at Risk
PK-18910,2018-04-04,2020-09-03,2,1441.152,0,1,0,1,483,1,1,2,11,hibernating
PK-19075,2018-11-11,2021-12-21,12,8646.934,1,1,0,0,9,5,5,5,55,champions
PL-18925,2018-11-01,2021-12-15,5,239.481,1,1,0,0,15,5,2,1,52,potential_loyalists
PM-18940,2018-05-04,2020-12-09,3,1405.402,0,1,0,1,386,1,1,2,11,hibernating
PM-19135,2019-12-19,2021-11-09,4,4115.662,1,1,0,0,51,4,2,4,42,potential_loyalists
PN-18775,2019-08-07,2021-11-30,8,1467.152,1,1,0,0,30,4,4,2,44,loyal customers
PO-18850,2018-11-02,2021-12-26,11,7473.8282,1,1,0,0,4,5,5,5,55,champions
PO-18865,2018-03-23,2021-12-30,7,2493.214,1,1,0,0,0,5,4,3,54,champions
PO-19180,2019-08-11,2021-07-23,9,4893.043,0,1,0,0,160,2,5,5,25,can't_loose
PO-19195,2018-01-04,2021-10-05,5,1056.858,1,1,0,0,86,3,2,2,32,about_to_sleep
PP-18955,2018-08-26,2021-09-24,10,7252.608,0,1,0,0,97,3,5,5,35,loyal customers
PR-18880,2018-09-05,2021-11-24,5,1840.178,1,1,0,0,36,4,2,3,42,potential_loyalists
PS-18760,2018-06-15,2021-09-14,6,2181.479,0,1,0,0,107,2,3,3,23,at Risk
PS-18970,2018-04-15,2021-10-22,8,1278.639,1,1,0,0,69,3,4,2,34,loyal customers
PS-19045,2018-12-20,2021-05-08,7,6843.634,0,1,0,0,236,1,4,5,14,at Risk
PT-19090,2018-09-12,2021-10-20,4,160.572,1,1,0,0,71,3,2,1,32,about_to_sleep
PV-18985,2018-07-12,2021-10-02,5,2876.046,1,1,0,0,89,3,2,4,32,about_to_sleep
PW-19030,2018-05-16,2021-11-14,10,3454.916,1,1,0,0,46,4,5,4,45,loyal customers
PW-19240,2018-11-18,2020-09-22,7,3922.4150000000004,0,1,0,1,464,1,4,4,14,at Risk
QJ-19255,2018-03-17,2021-12-05,9,6108.338,1,1,0,0,25,5,5,5,55,champions
RA-19285,2018-12-13,2021-12-25,9,2617.906,1,1,0,0,5,5,5,3,55,champions
RA-19885,2018-04-08,2021-11-17,7,3832.314,1,1,0,0,43,4,4,4,44,loyal customers
RA-19915,2018-06-30,2021-12-18,9,4793.543,1,1,0,0,12,5,5,5,55,champions
RA-19945,2018-08-29,2021-10-30,5,1686.9225,1,1,0,0,61,3,2,2,32,about_to_sleep
RB-19330,2018-11-17,2021-10-23,2,1008.1959999999999,1,1,0,0,68,3,1,2,31,about_to_sleep
RB-19360,2020-04-01,2021-09-25,6,15117.339,0,1,0,0,96,3,3,5,33,need attention
RB-19435,2018-03-11,2021-12-11,8,2663.0860000000002,1,1,0,0,19,5,4,3,54,champions
RB-19465,2018-03-14,2021-12-21,12,4715.466,1,1,0,0,9,5,5,5,55,champions
RB-19570,2020-04-28,2021-12-05,5,528.546,1,1,0,0,25,5,2,1,52,potential_loyalists
RB-19645,2018-08-23,2020-03-22,5,221.084,0,1,0,1,648,1,2,1,12,hibernating
RB-19705,2019-08-22,2021-11-06,4,2067.45,1,1,0,0,54,3,2,3,32,about_to_sleep
RB-19795,2018-06-03,2021-11-28,8,5633.316000000001,1,1,0,0,32,4,4,5,44,loyal customers
RC-19825,2018-12-05,2020-12-26,6,966.409,0,1,0,1,369,1,3,2,13,at Risk
RC-19960,2018-08-25,2021-09-11,6,885.752,0,1,0,0,110,2,3,1,23,at Risk
RD-19480,2018-06-08,2021-10-19,8,4272.93,1,1,0,0,72,3,4,4,34,loyal customers
RD-19585,2018-04-02,2021-07-03,10,2912.8940000000002,0,1,0,0,180,2,5,4,25,can't_loose
RD-19660,2019-04-12,2021-09-07,5,2786.632,0,1,0,0,114,2,2,4,22,hibernating
RD-19720,2018-07-20,2021-12-09,10,1419.737,1,1,0,0,21,5,5,2,55,champions
RD-19810,2018-10-27,2021-12-16,8,1137.616,1,1,0,0,14,5,4,2,54,champions
RD-19900,2018-04-05,2021-09-07,9,3133.924,0,1,0,0,114,2,5,4,25,can't_loose
RD-19930,2018-10-03,2021-11-18,4,970.9420000000001,1,1,0,0,42,4,2,2,42,potential_loyalists
RE-19405,2018-12-29,2018-12-29,1,48.36,0,0,0,0,1097,1,1,1,11,hibernating
RE-19450,2018-06-03,2021-03-03,5,876.696,0,1,0,0,302,1,2,1,12,hibernating
RF-19345,2018-05-20,2020-12-05,8,3309.15,0,1,0,1,390,1,4,4,14,at Risk
RF-19735,2018-08-06,2021-10-02,7,2341.2960000000003,1,1,0,0,89,3,4,3,34,loyal customers
RF-19840,2018-11-12,2021-12-24,8,945.222,1,1,0,0,6,5,4,1,54,champions
RH-19495,2018-08-23,2021-11-28,5,3621.3759999999997,1,1,0,0,32,4,2,4,42,potential_loyalists
RH-19510,2018-11-16,2020-09-19,6,6979.18,0,1,0,1,467,1,3,5,13,at Risk
RH-19555,2019-12-04,2020-07-29,2,740.382,0,1,0,1,519,1,1,1,11,hibernating
RH-19600,2019-07-02,2020-07-14,3,2085.7400000000002,0,1,0,1,534,1,1,3,11,hibernating
RK-19300,2019-07-20,2021-09-02,3,1460.192,0,1,0,0,119,2,1,2,21,hibernating
RL-19615,2018-12-05,2021-08-31,8,6234.91,0,1,0,0,121,2,4,5,24,at Risk
RM-19375,2018-05-11,2021-01-19,6,1453.474,0,1,0,0,345,1,3,2,13,at Risk
RM-19675,2018-11-14,2021-12-24,5,5979.0960000000005,1,1,0,0,6,5,2,5,52,potential_loyalists
RM-19750,2021-03-06,2021-03-06,1,98.35,0,0,1,0,299,1,1,1,11,hibernating
RO-19780,2019-05-12,2021-11-25,7,3815.478,1,1,0,0,35,4,4,4,44,loyal customers
RP-19270,2018-10-19,2020-08-21,4,954.6452,0,1,0,1,496,1,2,1,12,hibernating
RP-19390,2018-05-24,2021-11-27,12,5153.084,1,1,0,0,33,4,5,5,45,loyal customers
RP-19855,2018-04-05,2021-12-02,8,2170.716,1,1,0,0,28,4,4,3,44,loyal customers
RR-19315,2020-11-14,2021-12-11,2,615.932,1,1,0,0,19,5,1,1,51,new_customers
RR-19525,2018-09-09,2021-07-13,6,3302.2619999999997,0,1,0,0,170,2,3,4,23,at Risk
RS-19420,2018-08-05,2021-10-15,5,3221.29,1,1,0,0,76,3,2,4,32,about_to_sleep
RS-19765,2018-04-07,2021-11-24,8,4159.7699999999995,1,1,0,0,36,4,4,4,44,loyal customers
RS-19870,2020-06-07,2021-12-11,2,22.328,1,1,0,0,19,5,1,1,51,new_customers
RW-19540,2019-02-03,2021-09-01,7,7397.401,0,1,0,0,120,2,4,5,24,at Risk
RW-19630,2018-06-28,2021-10-02,9,3279.746,1,1,0,0,89,3,5,4,35,loyal customers
RW-19690,2020-05-30,2021-10-12,5,3495.646,1,1,0,0,79,3,2,4,32,about_to_sleep
SA-20830,2018-02-22,2021-10-28,10,4767.3415,1,1,0,0,63,3,5,5,35,loyal customers
SB-20170,2018-06-06,2021-06-12,3,1348.02,0,1,0,0,201,2,1,2,21,hibernating
SB-20185,2018-09-20,2021-06-25,6,6410.996,0,1,0,0,188,2,3,5,23,at Risk
SB-20290,2018-05-09,2021-11-13,7,8057.891,1,1,0,0,47,4,4,5,44,loyal customers
SC-20020,2018-03-03,2019-11-10,5,3362.9636,0,1,0,0,781,1,2,4,12,hibernating
SC-20050,2018-03-18,2021-11-20,9,4624.572,1,1,0,0,40,4,5,5,45,loyal customers
SC-20095,2018-02-12,2021-01-15,9,14142.333999999999,0,1,0,0,349,1,5,5,15,can't_loose
SC-20230,2020-06-06,2021-08-03,4,4371.9580000000005,0,1,0,0,149,2,2,5,22,hibernating
SC-20260,2018-04-06,2021-06-26,8,3729.7929999999997,0,1,0,0,187,2,4,4,24,at Risk
SC-20305,2018-12-16,2021-12-01,7,3979.065,1,1,0,0,29,4,4,4,44,loyal customers
SC-20380,2018-03-01,2021-11-30,9,5992.536,1,1,0,0,30,4,5,5,45,loyal customers
SC-20440,2019-08-17,2021-11-24,7,1874.998,1,1,0,0,36,4,4,3,44,loyal customers
SC-20575,2018-06-16,2021-09-29,5,902.7280000000001,0,1,0,0,92,3,2,1,32,about_to_sleep
SC-20680,2018-11-21,2021-08-26,6,1254.64,0,1,0,0,126,2,3,2,23,at Risk
SC-20695,2018-12-16,2021-10-02,10,2576.408,1,1,0,0,89,3,5,3,35,loyal customers
SC-20725,2018-06-03,2021-06-26,11,5226.21,0,1,0,0,187,2,5,5,25,can't_loose
SC-20770,2019-06-20,2021-11-19,7,4492.657,1,1,0,0,41,4,4,5,44,loyal customers
SC-20800,2019-12-11,2021-11-30,4,279.25600000000003,1,1,0,0,30,4,2,1,42,potential_loyalists
SC-20845,2020-11-11,2021-08-21,2,280.632,0,1,0,0,131,2,1,1,21,hibernating
SD-20485,2018-01-26,2021-06-13,9,6121.114,0,1,0,0,200,2,5,5,25,can't_loose
SE-20110,2018-04-11,2021-12-21,11,12209.438000000002,1,1,0,0,9,5,5,5,55,champions
SF-20065,2018-09-10,2021-11-01,7,763.5459999999999,1,1,0,0,59,3,4,1,34,loyal customers
SF-20200,2018-12-23,2021-11-01,9,3422.7859999999996,1,1,0,0,59,3,5,4,35,loyal customers
SF-20965,2018-10-21,2021-11-12,9,3336.535,1,1,0,0,48,4,5,4,45,loyal customers
SG-20080,2019-10-31,2021-12-22,3,3406.5809999999997,1,1,0,0,8,5,1,4,51,new_customers
SG-20470,2018-07-26,2021-06-30,8,1884.798,0,1,0,0,183,2,4,3,24,at Risk
SG-20605,2018-01-23,2021-09-13,6,3124.832,0,1,0,0,108,2,3,4,23,at Risk
SG-20890,2018-03-30,2021-05-18,3,47.946,0,1,0,0,226,1,1,1,11,hibernating
SH-19975,2018-12-10,2021-12-01,13,3406.8395,1,1,0,0,29,4,5,4,45,loyal customers
SH-20395,2018-11-02,2021-12-07,10,2180.718,1,1,0,0,23,5,5,3,55,champions
SH-20635,2018-12-16,2019-11-26,2,2096.392,0,1,0,0,765,1,1,3,11,hibernating
SJ-20125,2019-09-22,2021-09-26,12,3949.656,0,1,0,0,95,3,5,4,35,loyal customers
SJ-20215,2019-02-09,2021-12-01,6,1341.036,1,1,0,0,29,4,3,2,43,potential_loyalists
SJ-20500,2018-08-31,2021-04-21,5,1318.776,0,1,0,0,253,1,2,2,12,hibernating
SK-19990,2020-11-28,2021-12-22,3,883.409,1,1,0,0,8,5,1,1,51,new_customers
SL-20155,2018-09-21,2021-10-21,7,3053.012,1,1,0,0,70,3,4,4,34,loyal customers
SM-20005,2018-11-23,2020-11-04,4,244.49399999999997,0,1,0,1,421,1,2,1,12,hibernating
SM-20320,2018-03-18,2021-10-12,5,25043.05,1,1,0,0,79,3,2,5,32,about_to_sleep
SM-20905,2020-05-03,2020-05-03,1,1043.041,0,0,0,1,606,1,1,2,11,hibernating
SM-20950,2018-09-29,2021-12-05,12,5563.392,1,1,0,0,25,5,5,5,55,champions
SN-20560,2019-06-18,2021-09-10,6,1860.418,0,1,0,0,111,2,3,3,23,at Risk
SN-20710,2018-05-06,2021-10-12,7,3127.9592,1,1,0,0,79,3,4,4,34,loyal customers
SO-20335,2019-10-11,2021-12-01,6,2602.5755,1,1,0,0,29,4,3,3,43,potential_loyalists
SP-20545,2018-10-13,2021-02-06,6,1306.086,0,1,0,0,327,1,3,2,13,at Risk
SP-20620,2018-09-08,2021-11-13,9,5440.319,1,1,0,0,47,4,5,5,45,loyal customers
SP-20650,2018-04-16,2020-12-09,9,1872.4360000000001,0,1,0,1,386,1,5,3,15,can't_loose
SP-20860,2018-12-15,2021-10-12,10,4282.94,1,1,0,0,79,3,5,5,35,loyal customers
SP-20920,2018-11-22,2021-10-21,6,3990.689,1,1,0,0,70,3,3,4,33,need attention
SR-20425,2018-06-14,2021-12-22,5,3233.481,1,1,0,0,8,5,2,4,52,potential_loyalists
SR-20740,2018-02-20,2021-06-17,8,4345.8859999999995,0,1,0,0,196,2,4,5,24,at Risk
SS-20140,2018-11-23,2021-12-15,8,1324.028,1,1,0,0,15,5,4,2,54,champions
SS-20410,2018-05-30,2021-09-11,6,3056.8070000000002,0,1,0,0,110,2,3,4,23,at Risk
SS-20515,2018-07-14,2020-08-26,3,613.4,0,1,0,1,491,1,1,1,11,hibernating
SS-20590,2018-08-05,2020-10-24,6,418.49,0,1,0,1,432,1,3,1,13,at Risk
SS-20875,2018-12-14,2021-09-01,5,964.636,0,1,0,0,120,2,2,2,22,hibernating
ST-20530,2018-02-14,2021-08-27,7,433.34000000000003,0,1,0,0,125,2,4,1,24,at Risk
SU-20665,2019-12-05,2021-12-10,7,2595.364,1,1,0,0,20,5,4,3,54,champions
SV-20365,2018-01-11,2021-09-20,10,11470.949999999999,0,1,0,0,101,3,5,5,35,loyal customers
SV-20785,2018-04-12,2021-02-13,9,4105.305,0,1,0,0,320,1,5,4,15,can't_loose
SV-20815,2019-05-04,2021-10-15,4,1271.0900000000001,1,1,0,0,76,3,2,2,32,about_to_sleep
SV-20935,2020-03-19,2021-12-28,8,1903.491,1,1,0,0,2,5,4,3,54,champions
SW-20245,2018-07-20,2021-10-10,7,1085.078,1,1,0,0,81,3,4,2,34,loyal customers
SW-20275,2018-03-10,2021-11-30,6,1966.65,1,1,0,0,30,4,3,3,43,potential_loyalists
SW-20350,2020-04-09,2021-07-21,3,1019.044,0,1,0,0,162,2,1,2,21,hibernating
SW-20455,2019-06-22,2021-07-21,7,2921.544,0,1,0,0,162,2,4,4,24,at Risk
SW-20755,2018-11-02,2020-07-14,2,758.6959999999999,0,1,0,1,534,1,1,1,11,hibernating
SZ-20035,2018-09-07,2021-11-25,11,3625.329,1,1,0,0,35,4,5,4,45,loyal customers
TA-21385,2018-09-12,2021-10-22,4,14595.62,1,1,0,0,69,3,2,5,32,about_to_sleep
TB-21055,2020-06-17,2021-09-02,5,1467.881,0,1,0,0,119,2,2,2,22,hibernating
TB-21175,2018-12-08,2021-11-02,4,3589.296,1,1,0,0,58,3,2,4,32,about_to_sleep
TB-21190,2018-12-27,2021-11-11,4,816.1740000000001,1,1,0,0,49,4,2,1,42,potential_loyalists
TB-21250,2018-12-08,2021-01-15,7,1602.376,0,1,0,0,349,1,4,2,14,at Risk
TB-21280,2018-06-21,2020-05-26,6,2198.45,0,1,0,1,583,1,3,3,13,at Risk
TB-21355,2020-01-25,2021-08-06,5,834.328,0,1,0,0,146,2,2,1,22,hibernating
TB-21400,2018-01-21,2021-06-11,7,9133.99,0,1,0,0,202,2,4,5,24,at Risk
TB-21520,2018-10-17,2021-09-14,9,4737.486,0,1,0,0,107,2,5,5,25,can't_loose
TB-21595,2018-02-18,2021-03-20,5,1387.559,0,1,0,0,285,1,2,2,12,hibernating
TB-21625,2018-08-06,2021-11-30,9,2797.668,1,1,0,0,30,4,5,4,45,loyal customers
TC-20980,2018-11-07,2020-11-26,5,19052.218,0,1,0,1,399,1,2,5,12,hibernating
TC-21145,2021-09-15,2021-09-15,1,1038.26,0,0,1,0,106,2,1,2,21,hibernating
TC-21295,2018-10-14,2021-12-03,8,4266.812,1,1,0,0,27,4,4,4,44,loyal customers
TC-21475,2018-11-22,2021-07-30,9,1244.976,0,1,0,0,153,2,5,2,25,can't_loose
TC-21535,2018-11-03,2021-12-26,7,742.5580000000001,1,1,0,0,4,5,4,1,54,champions
TD-20995,2018-05-19,2021-11-23,9,1434.5480000000002,1,1,0,0,37,4,5,2,45,loyal customers
TG-21310,2019-03-09,2021-01-27,5,3058.372,0,1,0,0,337,1,3,4,13,at Risk
TG-21640,2018-03-31,2021-09-07,4,2074.661,0,1,0,0,114,2,2,3,22,hibernating
TH-21100,2018-09-27,2021-01-20,5,2422.824,0,1,0,0,344,1,3,3,13,at Risk
TH-21115,2018-09-23,2021-11-02,4,2942.772,1,1,0,0,58,3,2,4,32,about_to_sleep
TH-21235,2018-11-04,2021-09-04,8,1022.201,0,1,0,0,117,2,4,2,24,at Risk
TH-21550,2018-04-05,2021-10-19,7,4234.0960000000005,1,1,0,0,72,3,4,4,34,loyal customers
TM-21010,2018-02-21,2021-09-18,8,2955.2259999999997,0,1,0,0,103,3,4,4,34,loyal customers
TM-21490,2021-03-30,2021-08-22,3,1094.6779999999999,0,1,1,0,130,2,1,2,21,hibernating
TN-21040,2018-10-10,2021-10-01,7,3130.221,1,1,0,0,90,3,4,4,34,loyal customers
TP-21130,2019-04-14,2021-12-22,9,4454.0560000000005,1,1,0,0,8,5,5,5,55,champions
TP-21415,2019-11-28,2021-09-17,5,5329.0048,0,1,0,0,104,2,3,5,23,at Risk
TP-21565,2019-03-01,2021-01-14,4,1936.6399999999999,0,1,0,0,350,1,2,3,12,hibernating
TR-21325,2018-12-01,2021-06-20,5,675.9419999999999,0,1,0,0,193,2,3,1,23,at Risk
TS-21085,2019-07-19,2021-01-07,2,4.833,0,1,0,0,357,1,1,1,11,hibernating
TS-21160,2018-04-23,2020-08-13,6,2163.6240000000003,0,1,0,1,504,1,3,3,13,at Risk
TS-21205,2018-03-21,2021-06-15,7,5371.09,0,1,0,0,198,2,4,5,24,at Risk
TS-21340,2018-01-19,2021-05-18,5,974.7819999999999,0,1,0,0,226,1,3,2,13,at Risk
TS-21370,2018-10-28,2021-11-24,6,11891.751,1,1,0,0,36,4,3,5,43,potential_loyalists
TS-21430,2018-07-30,2021-07-11,5,2054.14,0,1,0,0,172,2,3,3,23,at Risk
TS-21505,2018-12-20,2021-12-19,6,2243.274,1,1,0,0,11,5,3,3,53,potential_loyalists
TS-21610,2018-08-16,2021-11-05,7,2820.424,1,1,0,0,55,3,4,4,34,loyal customers
TS-21655,2019-02-06,2021-05-06,5,3368.094,0,1,0,0,238,1,3,4,13,at Risk
TT-21070,2018-05-18,2021-11-29,7,4915.602,1,1,0,0,31,4,4,5,44,loyal customers
TT-21220,2018-09-23,2021-06-30,8,1427.0439999999999,0,1,0,0,183,2,4,2,24,at Risk
TT-21265,2019-08-15,2020-11-19,3,439.5,0,1,0,1,406,1,1,1,11,hibernating
TT-21460,2019-12-08,2021-12-18,7,5364.808,1,1,0,0,12,5,4,5,54,champions
TW-21025,2018-12-22,2021-10-27,7,5278.826,1,1,0,0,64,3,4,5,34,loyal customers
TZ-21580,2018-11-11,2021-11-25,4,1707.286,1,1,0,0,35,4,2,2,42,potential_loyalists
VB-21745,2019-07-17,2021-11-06,6,2005.596,1,1,0,0,54,3,3,3,33,need attention
VD-21670,2018-08-04,2020-05-28,6,6442.254,0,1,0,1,581,1,3,5,13,at Risk
VF-21715,2018-03-01,2021-12-17,5,847.944,1,1,0,0,13,5,3,1,53,potential_loyalists
VG-21790,2018-08-08,2021-07-29,6,846.01,0,1,0,0,154,2,3,1,23,at Risk
VG-21805,2018-09-22,2021-03-19,5,427.372,0,1,0,0,286,1,3,1,13,at Risk
VM-21685,2018-04-07,2021-11-06,7,2454.866,1,1,0,0,54,3,4,3,34,loyal customers
VM-21835,2018-03-22,2021-09-04,5,380.69,0,1,0,0,117,2,3,1,23,at Risk
VP-21730,2019-07-05,2021-11-30,3,993.9019999999999,1,1,0,0,30,4,1,2,41,promising
VP-21760,2018-09-06,2021-10-16,7,3360.526,1,1,0,0,75,3,4,4,34,loyal customers
VS-21820,2018-01-07,2021-05-23,4,1055.981,0,1,0,0,221,2,2,2,22,hibernating
VT-21700,2018-06-06,2019-04-05,2,1736.596,0,1,0,0,1000,1,1,2,11,hibernating
VW-21775,2018-05-11,2021-12-02,10,6134.0380000000005,1,1,0,0,28,4,5,5,45,loyal customers
WB-21850,2018-11-04,2021-12-10,11,6160.102,1,1,0,0,20,5,5,5,55,champions
XP-21865,2018-01-20,2021-11-17,11,2374.658,1,1,0,0,43,4,5,3,45,loyal customers
YC-21895,2018-11-17,2021-12-26,5,5454.35,1,1,0,0,4,5,3,5,53,potential_loyalists
YS-21880,2019-01-12,2021-12-21,8,6720.4439999999995,1,1,0,0,9,5,4,5,54,champions
ZC-21910,2018-10-13,2021-11-06,13,8025.707,1,1,0,0,54,3,5,5,35,loyal customers
ZD-21925,2018-08-27,2021-06-11,5,1493.944,0,1,0,0,202,2,3,2,23,at Risk
